Workbook

Sheet 入力
A1: 第6章 場合の数と確率 実験記録シート（入力）
A2: 名前（1〜3人目）
A3: 名前（4〜6人目） | F3: 試行回数 | G3: =COUNT(C9:C1008) -> 0
A4: テーマ | F4: 起こった回数 | G4: =SUM(C9:C1008) -> 0
A5: 注目すること | B5: =IFERROR(INDEX(設定!$B$19:$F$19,MATCH(入力!$B$4,設定!$A$23:$A$27,0))&" → 起こったら 1 と数える","") | F5: 相対度数 | G5: =IF(G3=0,"",G4/G3)
A6: 【使い方】① 名前を書く（最大6人） ② テーマを▼から選ぶ ③ 下の「結果」を上の1回目から順に、▼から選んで入力 （最大1000回） →「結果」シートに50回ごとの表とグラフが出ます。
A7: ※黄色いセルだけ入力します。例）①さいころなら、1回目に「3」が出たら 1回目の結果に 3 を選ぶ。 テーマを変えるときは、結果の入力を消してからにしよう。
A8: 回 | B8: 結果（入力） | C8: 起こった？ （1＝起こった） | F8: 選び方のヒント
A9: 1 | C9: =IF(B9="","",IF(B9=IFERROR(INDEX(設定!$B$18:$F$18,MATCH(入力!$B$4,設定!$A$23:$A$27,0)),""),1,0)) | F9: =IFERROR(INDEX(設定!$B$20:$F$20,MATCH(入力!$B$4,設定!$A$23:$A$27,0)),"")
A10: 2 | C10: =IF(B10="","",IF(B10=IFERROR(INDEX(設定!$B$18:$F$18,MATCH(入力!$B$4,設定!$A$23:$A$27,0)),""),1,0))
A11: 3 | C11: =IF(B11="","",IF(B11=IFERROR(INDEX(設定!$B$18:$F$18,MATCH(入力!$B$4,設定!$A$23:$A$27,0)),""),1,0))
A12: 4 | C12: =IF(B12="","",IF(B12=IFERROR(INDEX(設定!$B$18:$F$18,MATCH(入力!$B$4,設定!$A$23:$A$27,0)),""),1,0))
A13: 5 | C13: =IF(B13="","",IF(B13=IFERROR(INDEX(設定!$B$18:$F$18,MATCH(入力!$B$4,設定!$A$23:$A$27,0)),""),1,0))
A14: 6 | C14: =IF(B14="","",IF(B14=IFERROR(INDEX(設定!$B$18:$F$18,MATCH(入力!$B$4,設定!$A$23:$A$27,0)),""),1,0))
A15: 7 | C15: =IF(B15="","",IF(B15=IFERROR(INDEX(設定!$B$18:$F$18,MATCH(入力!$B$4,設定!$A$23:$A$27,0)),""),1,0))
A16: 8 | C16: =IF(B16="","",IF(B16=IFERROR(INDEX(設定!$B$18:$F$18,MATCH(入力!$B$4,設定!$A$23:$A$27,0)),""),1,0))
A17: 9 | C17: =IF(B17="","",IF(B17=IFERROR(INDEX(設定!$B$18:$F$18,MATCH(入力!$B$4,設定!$A$23:$A$27,0)),""),1,0))
A18: 10 | C18: =IF(B18="","",IF(B18=IFERROR(INDEX(設定!$B$18:$F$18,MATCH(入力!$B$4,設定!$A$23:$A$27,0)),""),1,0))
A19: 11 | C19: =IF(B19="","",IF(B19=IFERROR(INDEX(設定!$B$18:$F$18,MATCH(入力!$B$4,設定!$A$23:$A$27,0)),""),1,0))
A20: 12 | C20: =IF(B20="","",IF(B20=IFERROR(INDEX(設定!$B$18:$F$18,MATCH(入力!$B$4,設定!$A$23:$A$27,0)),""),1,0))
A21: 13 | C21: =IF(B21="","",IF(B21=IFERROR(INDEX(設定!$B$18:$F$18,MATCH(入力!$B$4,設定!$A$23:$A$27,0)),""),1,0))
... A1008: 1000 | C1008: =IF(B1008="","",IF(B1008=IFERROR(INDEX(設定!$B$18:$F$18,MATCH(入力!$B$4,設定!$A$23:$A$27,0)),""),1,0))

Sheet 結果
A1: 第6章 場合の数と確率 実験結果（自動で表とグラフが出ます）
A3: 名前 | B3: =_xlfn.TEXTJOIN("、",TRUE(),入力!B2:D3)
A4: テーマ | B4: =入力!B4 -> 0
A5: 注目すること | B5: =入力!B5
A7: 相対度数 ＝ 起こった回数 ÷ 試行回数 （50回ごとに、そこまでの合計で計算）
A8: 試行回数 | B8: 起こった回数 （ここまでの合計） | C8: 相対度数 | D8: グラフ用 （さわらない）
A9: 50 | B9: =IF(COUNT(入力!$C$9:C58)>=A9,SUM(入力!$C$9:C58),"") | C9: =IF(B9="","",B9/A9) | D9: =IF(B9="",NA(),B9/A9) -> #N/A
A10: 100 | B10: =IF(COUNT(入力!$C$9:C108)>=A10,SUM(入力!$C$9:C108),"") | C10: =IF(B10="","",B10/A10) | D10: =IF(B10="",NA(),B10/A10) -> #N/A
A11: 150 | B11: =IF(COUNT(入力!$C$9:C158)>=A11,SUM(入力!$C$9:C158),"") | C11: =IF(B11="","",B11/A11) | D11: =IF(B11="",NA(),B11/A11) -> #N/A
A12: 200 | B12: =IF(COUNT(入力!$C$9:C208)>=A12,SUM(入力!$C$9:C208),"") | C12: =IF(B12="","",B12/A12) | D12: =IF(B12="",NA(),B12/A12) -> #N/A
A13: 250 | B13: =IF(COUNT(入力!$C$9:C258)>=A13,SUM(入力!$C$9:C258),"") | C13: =IF(B13="","",B13/A13) | D13: =IF(B13="",NA(),B13/A13) -> #N/A
A14: 300 | B14: =IF(COUNT(入力!$C$9:C308)>=A14,SUM(入力!$C$9:C308),"") | C14: =IF(B14="","",B14/A14) | D14: =IF(B14="",NA(),B14/A14) -> #N/A
A15: 350 | B15: =IF(COUNT(入力!$C$9:C358)>=A15,SUM(入力!$C$9:C358),"") | C15: =IF(B15="","",B15/A15) | D15: =IF(B15="",NA(),B15/A15) -> #N/A
A16: 400 | B16: =IF(COUNT(入力!$C$9:C408)>=A16,SUM(入力!$C$9:C408),"") | C16: =IF(B16="","",B16/A16) | D16: =IF(B16="",NA(),B16/A16) -> #N/A
A17: 450 | B17: =IF(COUNT(入力!$C$9:C458)>=A17,SUM(入力!$C$9:C458),"") | C17: =IF(B17="","",B17/A17) | D17: =IF(B17="",NA(),B17/A17) -> #N/A
A18: 500 | B18: =IF(COUNT(入力!$C$9:C508)>=A18,SUM(入力!$C$9:C508),"") | C18: =IF(B18="","",B18/A18) | D18: =IF(B18="",NA(),B18/A18) -> #N/A
A19: 550 | B19: =IF(COUNT(入力!$C$9:C558)>=A19,SUM(入力!$C$9:C558),"") | C19: =IF(B19="","",B19/A19) | D19: =IF(B19="",NA(),B19/A19) -> #N/A
A20: 600 | B20: =IF(COUNT(入力!$C$9:C608)>=A20,SUM(入力!$C$9:C608),"") | C20: =IF(B20="","",B20/A20) | D20: =IF(B20="",NA(),B20/A20) -> #N/A
A21: 650 | B21: =IF(COUNT(入力!$C$9:C658)>=A21,SUM(入力!$C$9:C658),"") | C21: =IF(B21="","",B21/A21) | D21: =IF(B21="",NA(),B21/A21) -> #N/A
A22: 700 | B22: =IF(COUNT(入力!$C$9:C708)>=A22,SUM(入力!$C$9:C708),"") | C22: =IF(B22="","",B22/A22) | D22: =IF(B22="",NA(),B22/A22) -> #N/A
A23: 750 | B23: =IF(COUNT(入力!$C$9:C758)>=A23,SUM(入力!$C$9:C758),"") | C23: =IF(B23="","",B23/A23) | D23: =IF(B23="",NA(),B23/A23) -> #N/A
A24: 800 | B24: =IF(COUNT(入力!$C$9:C808)>=A24,SUM(入力!$C$9:C808),"") | C24: =IF(B24="","",B24/A24) | D24: =IF(B24="",NA(),B24/A24) -> #N/A
A25: 850 | B25: =IF(COUNT(入力!$C$9:C858)>=A25,SUM(入力!$C$9:C858),"") | C25: =IF(B25="","",B25/A25) | D25: =IF(B25="",NA(),B25/A25) -> #N/A
A26: 900 | B26: =IF(COUNT(入力!$C$9:C908)>=A26,SUM(入力!$C$9:C908),"") | C26: =IF(B26="","",B26/A26) | D26: =IF(B26="",NA(),B26/A26) -> #N/A
A27: 950 | B27: =IF(COUNT(入力!$C$9:C958)>=A27,SUM(入力!$C$9:C958),"") | C27: =IF(B27="","",B27/A27) | D27: =IF(B27="",NA(),B27/A27) -> #N/A
A28: 1000 | B28: =IF(COUNT(入力!$C$9:C1008)>=A28,SUM(入力!$C$9:C1008),"") | C28: =IF(B28="","",B28/A28) | D28: =IF(B28="",NA(),B28/A28) -> #N/A
A30: ※「入力」シートで、50回分がそろうと、その行に結果が出ます。

Sheet 設定
A1: ※このシートは さわらないでください（選べる項目などの設定です）
A2: 選べる結果 | B2: ① さいころを投げて、1が出る | C2: ② トランプ1〜13から1枚ひいて、1が出る | D2: ③ トランプ52枚から1枚ひいて、1（A）が出る | E2: ④ じゃんけんを1回して、あいこ（引き分け）になる | F2: ⑤ コインを投げて、表が出る
B3: 1 | C3: A | D3: A | E3: 勝ち | F3: 表
B4: 2 | C4: 2 | D4: 2 | E4: 負け | F4: 裏
B5: 3 | C5: 3 | D5: 3 | E5: あいこ
B6: 4 | C6: 4 | D6: 4
B7: 5 | C7: 5 | D7: 5
B8: 6 | C8: 6 | D8: 6
C9: 7 | D9: 7
C10: 8 | D10: 8
C11: 9 | D11: 9
C12: 10 | D12: 10
C13: J | D13: J
C14: Q | D14: Q
C15: K | D15: K
A17: 選択肢の数 | B17: 6 | C17: 13 | D17: 13 | E17: 3 | F17: 2
A18: 注目する結果（起こったとする結果） | B18: 1 | C18: A | D18: A | E18: あいこ | F18: 表
A19: 注目すること | B19: さいころで「1」が出る | C19: トランプで「A（1）」が出る | D19: トランプで「A（1）」が出る | E19: じゃんけんで「あいこ」になる | F19: コインで「表」が出る
A20: 入力のヒント | B20: 出た目（1〜6）を選ぶ | C20: ひいたカード（A,2〜10,J,Q,K）を選ぶ（Aが「1」） | D20: ひいたカード（A,2〜10,J,Q,K）を選ぶ（Aが「1」） | E20: 自分から見た結果（勝ち／負け／あいこ）を選ぶ | F20: 出た面（表／裏）を選ぶ
A22: テーマ一覧
A23: ① さいころを投げて、1が出る
A24: ② トランプ1〜13から1枚ひいて、1が出る
A25: ③ トランプ52枚から1枚ひいて、1（A）が出る
A26: ④ じゃんけんを1回して、あいこ（引き分け）になる
A27: ⑤ コインを投げて、表が出る
